Workbook

Sheet Submission Info
B2: Regulatory Submission QA Checklist
B3: SQL → Excel pipeline quality assurance. Complete every section before sign-off.
B5: Report Name
B6: Regulator / Recipient
B7: Reporting Period
B8: Submission Due Date
B9: Git Commit SHA
B10: Pipeline Run Timestamp
B11: Output File Name
B12: Output File Path
B13: Prepared By
B14: Reviewed By
... B16: Submission Date
B19: Overall Status | C19: Total Items | D19: Pass | E19: Fail | F19: N/A / Blank
B20: Dashboard
B21: Section | C21: Total | D21: Pass | E21: Fail | F21: % Complete
B22: 1. Pre-Flight | C22: ='1. Pre-Flight'!J6 -> 6 | D22: ='1. Pre-Flight'!J7 -> 0 | E22: ='1. Pre-Flight'!J8 -> 0 | F22: ='1. Pre-Flight'!J11 -> 0
B23: 2. SQL & Code Layer | C23: ='2. SQL & Code Layer'!J6 -> 11 | D23: ='2. SQL & Code Layer'!J7 -> 0 | E23: ='2. SQL & Code Layer'!J8 -> 0 | F23: ='2. SQL & Code Layer'!J11 -> 0
B24: 3. Excel Output | C24: ='3. Excel Output'!J6 -> 11 | D24: ='3. Excel Output'!J7 -> 0 | E24: ='3. Excel Output'!J8 -> 0 | F24: ='3. Excel Output'!J11 -> 0
B25: 4. Reconciliation & Tie-Out | C25: ='4. Reconciliation & Tie-Out'!J6 -> 6 | D25: ='4. Reconciliation & Tie-Out'!J7 -> 0 | E25: ='4. Reconciliation & Tie-Out'!J8 -> 0 | F25: ='4. Reconciliation & Tie-Out'!J11 -> 0
B26: 5. Typo & Presentation | C26: ='5. Typo & Presentation'!J6 -> 6 | D26: ='5. Typo & Presentation'!J7 -> 0 | E26: ='5. Typo & Presentation'!J8 -> 0 | F26: ='5. Typo & Presentation'!J11 -> 0
B27: 6. Release & Controls | C27: ='6. Release & Controls'!J6 -> 6 | D27: ='6. Release & Controls'!J7 -> 0 | E27: ='6. Release & Controls'!J8 -> 0 | F27: ='6. Release & Controls'!J11 -> 0
B28: TOTAL | C28: =SUM(C22:C27) -> 46 | D28: =SUM(D22:D27) -> 0 | E28: =SUM(E22:E27) -> 0 | F28: =IFERROR(D28/C28,0) -> 0
B30: Ready to Submit? | C30: =IF(E28>0,"NO — resolve failed items",IF(F28>=1,"YES — all checks complete","IN PROGRESS — complete remaining items")) -> IN PROGRESS — complete remaining items

Sheet 1. Pre-Flight
B2: 1. Pre-Flight
B3: Tick each item. Add evidence link, reviewer, and date. 'Fail' blocks sign-off.
B5: # | C5: Check Item | D5: Detail / How to Verify | E5: Status | F5: Evidence / Link | G5: Reviewer | H5: Date | I5: Section Summary
B6: 1 | C6: Spec document signed off by requirements owner | D6: Column names, order, data types, formats documented and approved | I6: Total | J6: =COUNTA(C6:C11) -> 6
B7: 2 | C7: Requirements traceability matrix complete | D7: Each column maps to regulator req ID, source field, transformation, owner | I7: Pass | J7: =COUNTIF(E6:E11,"Pass") -> 0
B8: 3 | C8: Naming conventions defined and applied | D8: Case, spacing, abbreviations consistent across output | I8: Fail | J8: =COUNTIF(E6:E11,"Fail") -> 0
B9: 4 | C9: Reference data versioned and dated | D9: Lookup tables, FX rates, mappings locked for this submission | I9: N/A | J9: =COUNTIF(E6:E11,"N/A") -> 0
B10: 5 | C10: Reporting period parameters confirmed | D10: Start/end dates, as-of date, time zone | I10: Open | J10: =J6-J7-J8-J9 -> 6
B11: 6 | C11: Source system cutoff confirmed | D11: Data freeze time documented; no late arrivals included | I11: % Complete | J11: =IFERROR((J7+J9)/J6,0) -> 0

Sheet 2. SQL & Code Layer
B2: 2. SQL & Code Layer
B3: Tick each item. Add evidence link, reviewer, and date. 'Fail' blocks sign-off.
B5: # | C5: Check Item | D5: Detail / How to Verify | E5: Status | F5: Evidence / Link | G5: Reviewer | H5: Date | I5: Section Summary
B6: 1 | C6: SQL linted (SQLFluff / dbt style) | D6: No lint errors in CI | I6: Total | J6: =COUNTA(C6:C16) -> 11
B7: 2 | C7: Code modular — each CTE does one thing | D7: Readable, testable, named clearly | I7: Pass | J7: =COUNTIF(E6:E16,"Pass") -> 0
B8: 3 | C8: Unit tests pass (unique, not_null, accepted_values, relationships) | D8: dbt test suite green | I8: Fail | J8: =COUNTIF(E6:E16,"Fail") -> 0
B9: 4 | C9: Custom business-rule tests pass | D9: e.g., sum of segments = total, no negative balances where disallowed | I9: N/A | J9: =COUNTIF(E6:E16,"N/A") -> 0
B10: 5 | C10: Row counts logged at each step | D10: Deltas vs. source within tolerance | I10: Open | J10: =J6-J7-J8-J9 -> 11
B11: 6 | C11: Idempotency verified | D11: Pipeline run twice produces identical output | I11: % Complete | J11: =IFERROR((J7+J9)/J6,0) -> 0
B12: 7 | C12: Explicit ORDER BY on final select | D12: Output order deterministic
B13: 8 | C13: NULL handling reviewed per column | D13: Coalesce, drop, or flag — decision documented
B14: 9 | C14: Boundary tests passed | D14: Min/max dates, zero rows, duplicates, whitespace, non-ASCII
B15: 10 | C15: Joins reviewed for fan-out / cartesian risk | D15: Row counts match expected cardinality
B16: 11 | C16: No hard-coded dates or magic numbers in SQL | D16: All parameters externalized

Sheet 3. Excel Output
B2: 3. Excel Output
B3: Tick each item. Add evidence link, reviewer, and date. 'Fail' blocks sign-off.
B5: # | C5: Check Item | D5: Detail / How to Verify | E5: Status | F5: Evidence / Link | G5: Reviewer | H5: Date | I5: Section Summary
B6: 1 | C6: Column headers match spec exactly (case, spacing) | D6: Asserted in code before write | I6: Total | J6: =COUNTA(C6:C16) -> 11
B7: 2 | C7: Column order matches spec exactly | D7: Hard-coded expected list; assertion passes | I7: Pass | J7: =COUNTIF(E6:E16,"Pass") -> 0
B8: 3 | C8: Row count matches expected | D8: Reconciled to source control total | I8: Fail | J8: =COUNTIF(E6:E16,"Fail") -> 0
B9: 4 | C9: Data types correct when file re-opened | D9: Dates = dates, numbers = numbers, IDs not in scientific notation | I9: N/A | J9: =COUNTIF(E6:E16,"N/A") -> 0
B10: 5 | C10: Date formats consistent and per spec | D10: e.g., YYYY-MM-DD everywhere | I10: Open | J10: =J6-J7-J8-J9 -> 11
B11: 6 | C11: Number formats consistent and per spec | D11: Decimals, thousands separators, % where required | I11: % Complete | J11: =IFERROR((J7+J9)/J6,0) -> 0
B12: 7 | C12: No formulas in output (unless spec'd) | D12: Values only
B13: 8 | C13: No hidden sheets, rows, or columns | D13: Unless required by spec
B14: 9 | C14: Frozen header row / filters / print area set | D14: If required
B15: 10 | C15: File name follows convention | D15: {report}_{period}_{version}.xlsx — no spaces
B16: 11 | C16: File opens cleanly in Excel (no repair prompt) | D16: Tested on a clean machine

Sheet 4. Reconciliation & Tie-Out
B2: 4. Reconciliation & Tie-Out
B3: Tick each item. Add evidence link, reviewer, and date. 'Fail' blocks sign-off.
B5: # | C5: Check Item | D5: Detail / How to Verify | E5: Status | F5: Evidence / Link | G5: Reviewer | H5: Date | I5: Section Summary
B6: 1 | C6: Control totals tie to independent source | D6: GL, system of record, or prior-period rollforward | I6: Total | J6: =COUNTA(C6:C11) -> 6
B7: 2 | C7: Period-over-period variance within threshold | D7: Material movements investigated and documented | I7: Pass | J7: =COUNTIF(E6:E11,"Pass") -> 0
B8: 3 | C8: Random 10–20 row sample traced to source | D8: Documented in evidence log | I8: Fail | J8: =COUNTIF(E6:E11,"Fail") -> 0
B9: 4 | C9: Cross-foot / cross-tie checks pass | D9: Row totals = column totals where applicable | I9: N/A | J9: =COUNTIF(E6:E11,"N/A") -> 0
B10: 5 | C10: Reconciliation to prior submission (if applicable) | D10: Explain all movements > materiality threshold | I10: Open | J10: =J6-J7-J8-J9 -> 6
B11: 6 | C11: FX / rate conversions tied to source | D11: Rates match published/approved source | I11: % Complete | J11: =IFERROR((J7+J9)/J6,0) -> 0

Sheet 5. Typo & Presentation
B2: 5. Typo & Presentation
B3: Tick each item. Add evidence link, reviewer, and date. 'Fail' blocks sign-off.
B5: # | C5: Check Item | D5: Detail / How to Verify | E5: Status | F5: Evidence / Link | G5: Reviewer | H5: Date | I5: Section Summary
B6: 1 | C6: Spell check run on headers, labels, footnotes | D6: Automated + human review | I6: Total | J6: =COUNTA(C6:C11) -> 6
B7: 2 | C7: Diff vs. last accepted submission reviewed | D7: All changes explained | I7: Pass | J7: =COUNTIF(E6:E11,"Pass") -> 0
B8: 3 | C8: Second reviewer opened file and ticked checklist | D8: Four-eyes sign-off recorded | I8: Fail | J8: =COUNTIF(E6:E11,"Fail") -> 0
B9: 4 | C9: Regulator-specific formatting requirements met | D9: Templates, cover page, footer text, etc. | I9: N/A | J9: =COUNTIF(E6:E11,"N/A") -> 0
B10: 5 | C10: No debug / test rows or placeholder text | D10: e.g., 'TEST', 'TODO', 'XXX' | I10: Open | J10: =J6-J7-J8-J9 -> 6
B11: 6 | C11: Encoding / special characters render correctly | D11: Accents, symbols, currency marks | I11: % Complete | J11: =IFERROR((J7+J9)/J6,0) -> 0

Sheet 6. Release & Controls
B2: 6. Release & Controls
B3: Tick each item. Add evidence link, reviewer, and date. 'Fail' blocks sign-off.
B5: # | C5: Check Item | D5: Detail / How to Verify | E5: Status | F5: Evidence / Link | G5: Reviewer | H5: Date | I5: Section Summary
B6: 1 | C6: SQL / code committed and tagged in Git | D6: Tag references this submission | I6: Total | J6: =COUNTA(C6:C11) -> 6
B7: 2 | C7: Run log saved with output | D7: Timestamp, SHA, row counts, control totals, reviewer | I7: Pass | J7: =COUNTIF(E6:E11,"Pass") -> 0
B8: 3 | C8: File stored in secure submission folder | D8: Access-controlled, retention policy applied | I8: Fail | J8: =COUNTIF(E6:E11,"Fail") -> 0
B9: 4 | C9: Rollback plan confirmed | D9: Prior version retrievable in one step | I9: N/A | J9: =COUNTIF(E6:E11,"N/A") -> 0
B10: 5 | C10: Submission transmittal method verified | D10: Portal, SFTP, email — per regulator | I10: Open | J10: =J6-J7-J8-J9 -> 6
B11: 6 | C11: Post-submission confirmation received and filed | D11: Acknowledgement from regulator saved | I11: % Complete | J11: =IFERROR((J7+J9)/J6,0) -> 0

Sheet Issue Log
B2: Issue & Evidence Log
B3: Record every failed check, anomaly, or item needing follow-up. Link back to checklist row.
B5: # | C5: Date | D5: Section | E5: Check Item | F5: Issue / Finding | G5: Action Taken | H5: Owner | I5: Status
B6: 1
B7: 2
B8: 3
B9: 4
B10: 5
B11: 6
B12: 7
B13: 8
B14: 9
B15: 10
B16: 11
B17: 12
... B25: 20
